{
  "base_rate_test": 0.04892367906066536,
     "roc_auc": float(roc_auc_score(y_test, y_prob)),
        "pr_auc": float(average_precision_score(y_test, y_prob)),
  "roc_auc": 0.8434979423868313,
  "pr_auc": 0.2683440732945993,
  "threshold_0.5": {
    "threshold": 0.5,
    "accuracy": 0.7455968688845401,
    "f1": 0.23529411764705882,
    "confusion_matrix": [
      [
        722,
        250
      ],
      [
        10,
        40
      ]
    ]
  },
  "threshold_best_f1": {
    "threshold": 0.8444758803704985,
    "accuracy": 0.9266144814090019,
    "f1": 0.358974358974359,
    "precision": 0.31343283582089554,
    "recall": 0.42,
    "confusion_matrix": [
      [
        926,
        46
      ],
      [
        29,
        21
      ]
    ]
  }
}
